machine_id,avg_temperature,max_temperature,avg_vibration,avg_cycle_time,anomaly_count
Assembly_Station_X,54.90022906793049,69.98,29.48696682464455,54.682148499210115,63
Paint_Booth_A,54.89098347107438,69.92,32.22919008264463,52.58895041322314,54
Welding_Robot_1,56.71009615384615,94.73,29.814423076923077,52.40245993589743,63
Welding_Robot_2,56.491865203761755,94.44,29.597578369905957,52.272844827586205,63
